<?xml version="1.0" encoding="UTF-8" standalone="no"?>
<?xml-stylesheet href="catalog20048986.css" Type="text/css"?>
<gifthub_store xmlns:xsi="http://www.w3.org/2001/XMLSchema-instance" xsi:noNamespaceSchemaLocation="catalog20048986.xsd">

    <!--Navigation bar in Header section-->
    <header>
        <gifthub_logo></gifthub_logo>
        <store_name>Jhigu giftcard</store_name>
        <pages>
            <page_GC>GIFT CARDS</page_GC>
            <page_FB>FEEDBACK</page_FB>
            <page_SU>SIGNUP</page_SU>
            <page_LI>LOGIN</page_LI>
        </pages>
    </header>

     <!--Giftcards or body section -->
    <giftcards>
        <!--For suitable messsage-->
        <message>
            &#9829;<![CDATA[Top Up Your Love]]>&#9829;  
        </message>
        <row>
            <!--giftcard and its details -->
            <giftcard Category="pcGame">
                <cardcode code="001" payment="dollar" ></cardcode>
                <image id="valo"></image>
                <name>Valorant</name>
                <category>Category: Game</category>
                <type>Type: Digital</type>
                <cost>10</cost>
                <validity>Validity: 1 month &amp; 5 days after purchase</validity>
                <limit>Limit: 2 at once</limit>
                <availability>In stock</availability>
                <num_of_users>1</num_of_users>
                <prod_Description>This giftcard is used to buy valorant points.</prod_Description>
                <discount>Discount: 10&#37;</discount>
                <cashback>Cashback: 2&#37; if you buy two at once</cashback>
                <policy>Refundale</policy>
                <buy>Buy Now</buy>
            </giftcard>

            <giftcard Category="E-Commerce">
                <cardcode code="002" ></cardcode>
                <image id="amz"></image>
                <name>Amazon</name>
                <category>Category: E-Commerce</category>
                <type>Type: Digital</type>
                <cost>10</cost>
                <validity>Validity: 2 months &amp; 15 days after purchase</validity>
                <limit>Limit: 5 at once</limit>
                <availability>In stock</availability>
                <num_of_users>3</num_of_users>
                <prod_Description>This giftcard is used to buy products online.</prod_Description>
                <discount>Discount: 12&#37;</discount>
                <cashback>Cashback: 2&#37; if you buy five at once</cashback>
                <policy>Returnable</policy>
                <buy>Buy Now</buy>
            </giftcard>

            <giftcard Category="mobileGame">
                <cardcode code="003" ></cardcode>
                <image id="pubg"></image>
                <name>Pubg Mobile</name>
                <category>Category: Game</category>
                <type>Type: Digital</type>
                <cost>12</cost>
                <validity>Validity: 10 days after purchase</validity>
                <limit>limit: 2 at once</limit>
                <availability>In stock</availability>
                <num_of_users>1</num_of_users>
                <prod_Description>This giftcard is used to buy UC in pung mobile.</prod_Description>
                <discount>Discount: 5&#37;</discount>
                <cashback>Cashback: not available</cashback>
                <policy>Returnable</policy>
                <buy>Buy Now</buy>
            </giftcard>

            <giftcard Category="ride-sharing">
                <cardcode code="004" ></cardcode>
                <image id="ube"></image>
                <name>Uber</name>
                <category>Category: ride-sharing</category>
                <type>Type: Physical</type>
                <cost>10</cost>
                <validity>Validity: 4 months after purchase</validity>
                <limit>Limit: 5</limit>
                <availability>In stock</availability>
                <num_of_users>5</num_of_users>
                <prod_Description>This giftcard is used for transportation.</prod_Description>
                <discount>Discount: 5&#37;</discount>
                <cashback>Cashback: not available</cashback>
                <policy>Refundable</policy>
                <buy>Buy Now</buy>
            </giftcard>
        </row>
        
        <row>
            <giftcard Category="Music">
                <cardcode code="005" ></cardcode>
                <image id="spo"></image>
                <name>Spotify</name>
                <category>Music</category>
                <type>Type: Digital</type>
                <cost>15</cost>
                <validity>Validity: 6 months &amp; 7 days after purchase</validity>
                <limit>Limit: 1</limit>
                <availability>In stock</availability>
                <num_of_users>1</num_of_users>
                <prod_Description>This giftcard is used to buy premium version of spotify.</prod_Description>
                <discount>Discount: 10&#37;</discount>
                <cashback>cashback: 2&#37; in each purchase</cashback>
                <policy>Returnable</policy>
                <buy>Buy Now</buy>
            </giftcard>

            <giftcard Category="Entertainment">
                <cardcode code="006" ></cardcode>
                <image id="net"></image>
                <name>Netflix</name>
                <category>Category: Entertainment</category>
                <type>Type: Digital</type>
                <cost>30</cost>
                <validity>Validity: 6 months &amp; 10 days after purchase</validity>
                <limit>Limit: 2</limit>
                <availability>In stock</availability>
                <num_of_users>3</num_of_users>
                <prod_Description>This giftcard is used to buy premium version of netflix.</prod_Description>
                <discount>Discount: 8&#37;</discount>
                <cashback>Cashback: 2&#37; on each</cashback>
                <policy>Refundable</policy>
                <buy>Buy Now</buy>
            </giftcard>

            <giftcard Category="E-Commerce">
                <cardcode code="007" ></cardcode>
                <image id="yen"></image>
                <name>Yenkii</name>
                <category>Category: E-Commerce</category>
                <type>Type: Physical</type>
                <cost>15</cost>
                <validity>Validity: 2 months &amp; 10 days after purchase</validity>
                <limit>Limit: 4</limit>
                <availability>In stock</availability>
                <num_of_users>3</num_of_users>
                <prod_Description>This giftcard is used to buy products online.</prod_Description>
                <discount>Discount: 12&#37;</discount>
                <cashback>Cashback: 2&#37; in each purchase</cashback>
                <policy>Returnable</policy>
                <buy>Buy Now</buy>
            </giftcard>

            <giftcard Category="Restaurant">
                <cardcode code="008" ></cardcode>
                <image id="kfc"></image>
                <name>KFC</name>
                <category>Category: Restaurant</category>
                <type>Type: Physical</type>
                <cost>15</cost>
                <validity>Validity: 5 months after purchase</validity>
                <limit>Limit: 3</limit>
                <availability>In stock</availability>
                <num_of_users>5</num_of_users>
                <prod_Description>This giftcard is used to buy foods.</prod_Description>
                <discount>Discount: 10&#37;</discount>
                <cashback>cashback: not available</cashback>
                <policy>Returnable</policy>
                <buy>Buy Now</buy>
            </giftcard>
        </row>
    </giftcards>

    <!--Footer section or about the store details-->
    <gifthub_details>
        <footer>
            <!--Adding brances-->
            <!-- Branch 1-->
            <branch gifthub_branchID="gh001">
                <address location="London">
                    <country>United Kingdom</country>
                    <city>London</city>
                    <street>Oxford Street </street>
                </address>
                <contact>
                    <telephone>&#43;0243500</telephone>
                    <cellphone>&#43;4454329635</cellphone>
                </contact>
            </branch>

            <!-- Branch 2-->
            <branch gifthub_branchID="gh002">
                <address location="Kathmandu">
                    <country>Nepal</country>
                    <city>Kathmandu</city>
                    <street>Durbar Marg</street>
                </address>
                <contact>
                    <telephone>&#43;015581326</telephone>
                    <cellphone>&#43;9779876543210</cellphone>
                </contact>
            </branch>
            <!--For website info-->
            <gifthub_website>www.jhigugiftcard.com</gifthub_website>
            <gifthub_message>
                <![CDATA[Please Visit Again]]>
            </gifthub_message>
        </footer>
    </gifthub_details>

</gifthub_store>