<?xml version="1.0" encoding="UTF-8"?>
<project-private xmlns="http://www.netbeans.org/ns/project-private/1">
    <editor-bookmarks xmlns="http://www.netbeans.org/ns/editor-bookmarks/2" lastBookmarkId="0"/>
    <open-files xmlns="http://www.netbeans.org/ns/projectui-open-files/2">
        <group>
            <file>file:/D:/0%20ISLINGTON/second%20year/sem%203/Emerging%20Programming%20Platforms%20and%20Technology/Coursework/MovieTheatre_IS/src/MovieTheatre_IS/MovieIS.java</file>
            <file>file:/D:/0%20ISLINGTON/second%20year/sem%203/Emerging%20Programming%20Platforms%20and%20Technology/Coursework/MovieTheatre_IS/src/MovieTheatre_IS/DataModel.java</file>
            <file>file:/D:/0%20ISLINGTON/second%20year/sem%203/Emerging%20Programming%20Platforms%20and%20Technology/Coursework/MovieTheatre_IS/src/MovieTheatre_IS/BinarySearcher.java</file>
        </group>
    </open-files>
</project-private>
